{
  "model_name": "densenet121",
  "n_splits": 5,
  "mean_metrics": {
    "accuracy": 0.413364410795561,
    "auc": 0.5385468603737518,
    "f1_score": 0.33493503521476153,
    "sensitivity": 0.28025806451612906,
    "specificity": 0.7977667424957,
    "precision": 0.9021336075082427,
    "recall": 0.28025806451612906
  },
  "std_metrics": {
    "accuracy": 0.1499661818399782,
    "auc": 0.169572190028995,
    "f1_score": 0.28993252276956405,
    "sensitivity": 0.2906342699617006,
    "specificity": 0.2591475062090798,
    "precision": 0.1006825468752003,
    "recall": 0.2906342699617006
  },
  "ci_95_metrics": {
    "accuracy": [
      0.281913256642809,
      0.5448155649483131
    ],
    "auc": [
      0.38991028232640057,
      0.687183438421103
    ],
    "f1_score": [
      0.0807979739328672,
      0.5890720964966558
    ],
    "sensitivity": [
      0.0255058946997771,
      0.535010234332481
    ],
    "specificity": [
      0.570613937983144,
      1.0249195470082562
    ],
    "precision": [
      0.813881464075626,
      0.9903857509408593
    ],
    "recall": [
      0.0255058946997771,
      0.535010234332481
    ]
  }
}