{
  "model_name": "efficientnet_b0",
  "n_splits": 5,
  "mean_metrics": {
    "accuracy": 0.7649662225454866,
    "auc": 0.954136574591964,
    "f1_score": 0.7922752285085515,
    "sensitivity": 0.7218064516129032,
    "specificity": 0.8895716584364424,
    "precision": 0.9603834573381225,
    "recall": 0.7218064516129032
  },
  "std_metrics": {
    "accuracy": 0.1658133379949109,
    "auc": 0.024389083253059874,
    "f1_score": 0.18254717045796717,
    "sensitivity": 0.2511639998859504,
    "specificity": 0.14720966674149383,
    "precision": 0.041720109366362716,
    "recall": 0.2511639998859504
  },
  "ci_95_metrics": {
    "accuracy": [
      0.619624423575041,
      0.9103080215159323
    ],
    "auc": [
      0.9327586005513685,
      0.9755145486325595
    ],
    "f1_score": [
      0.6322655786688032,
      0.9522848783482998
    ],
    "sensitivity": [
      0.5016514989325753,
      0.9419614042932312
    ],
    "specificity": [
      0.7605366962990469,
      1.0186066205738378
    ],
    "precision": [
      0.9238141691139327,
      0.9969527455623123
    ],
    "recall": [
      0.5016514989325753,
      0.9419614042932312
    ]
  }
}