{
  "model_name": "resnet50",
  "n_splits": 5,
  "mean_metrics": {
    "accuracy": 0.7679769894534996,
    "auc": 0.773567645642754,
    "f1_score": 0.8631221719457014,
    "sensitivity": 0.984516129032258,
    "specificity": 0.1417910447761194,
    "precision": 0.7683786505538771,
    "recall": 0.984516129032258
  },
  "std_metrics": {
    "accuracy": 0.0,
    "auc": 0.0,
    "f1_score": 0.0,
    "sensitivity": 0.0,
    "specificity": 0.0,
    "precision": 0.0,
    "recall": 0.0
  },
  "ci_95_metrics": {
    "accuracy": [
      0.7679769894534996,
      0.7679769894534996
    ],
    "auc": [
      0.773567645642754,
      0.773567645642754
    ],
    "f1_score": [
      0.8631221719457014,
      0.8631221719457014
    ],
    "sensitivity": [
      0.984516129032258,
      0.984516129032258
    ],
    "specificity": [
      0.1417910447761194,
      0.1417910447761194
    ],
    "precision": [
      0.7683786505538771,
      0.7683786505538771
    ],
    "recall": [
      0.984516129032258,
      0.984516129032258
    ]
  }
}