{
  "efficientnet_b0": {
    "mean_metrics": {
      "accuracy": 0.7649662225454866,
      "auc": 0.954136574591964,
      "f1_score": 0.7922752285085515,
      "sensitivity": 0.7218064516129032,
      "specificity": 0.8895716584364424,
      "precision": 0.9603834573381225,
      "recall": 0.7218064516129032
    },
  "std_metrics": {
      "accuracy": 0.1658133379949109,
      "auc": 0.024389083253059874,
      "f1_score": 0.18254717045796717,
      "sensitivity": 0.2511639998859504,
      "specificity": 0.14720966674149383,
      "precision": 0.041720109366362716,
      "recall": 0.2511639998859504
    },
  "ci_95_metrics": {
      "accuracy": [
        0.619624423575041,
        0.9103080215159323
      ],
      "auc": [
        0.9327586005513685,
        0.9755145486325595
      ],
      "f1_score": [
        0.6322655786688032,
        0.9522848783482998
      ],
      "sensitivity": [
        0.5016514989325753,
        0.9419614042932312
      ],
      "specificity": [
        0.7605366962990469,
        1.0186066205738378
      ],
      "precision": [
        0.9238141691139327,
        0.9969527455623123
      ],
      "recall": [
        0.5016514989325753,
        0.9419614042932312
      ]
    }
  },
  "resnet50": {
    "mean_metrics": {
      "accuracy": 0.7679769894534996,
      "auc": 0.773567645642754,
      "f1_score": 0.8631221719457014,
      "sensitivity": 0.984516129032258,
      "specificity": 0.1417910447761194,
      "precision": 0.7683786505538771,
      "recall": 0.984516129032258
    },
    "std_metrics": {
      "accuracy": 0.0,
      "auc": 0.0,
      "f1_score": 0.0,
      "sensitivity": 0.0,
      "specificity": 0.0,
      "precision": 0.0,
      "recall": 0.0
    },
    "ci_95_metrics": {
      "accuracy": [
        0.7679769894534996,
        0.7679769894534996
      ],
      "auc": [
        0.773567645642754,
        0.773567645642754
      ],
      "f1_score": [
        0.8631221719457014,
        0.8631221719457014
      ],
      "sensitivity": [
        0.984516129032258,
        0.984516129032258
      ],
      "specificity": [
        0.1417910447761194,
        0.1417910447761194
      ],
      "precision": [
        0.7683786505538771,
        0.7683786505538771
      ],
      "recall": [
        0.984516129032258,
        0.984516129032258
      ]
    }
  },
  "densenet121": {
    "mean_metrics": {
      "accuracy": 0.413364410795561,
      "auc": 0.5385468603737518,
      "f1_score": 0.33493503521476153,
      "sensitivity": 0.28025806451612906,
      "specificity": 0.7977667424957,
      "precision": 0.9021336075082427,
      "recall": 0.28025806451612906
    },
    "std_metrics": {
      "accuracy": 0.1499661818399782,
      "auc": 0.169572190028995,
      "f1_score": 0.28993252276956405,
      "sensitivity": 0.2906342699617006,
      "specificity": 0.2591475062090798,
      "precision": 0.1006825468752003,
      "recall": 0.2906342699617006
    },
    "ci_95_metrics": {
      "accuracy": [
        0.281913256642809,
        0.5448155649483131
      ],
      "auc": [
        0.38991028232640057,
        0.687183438421103
      ],
      "f1_score": [
        0.0807979739328672,
        0.5890720964966558
      ],
      "sensitivity": [
        0.0255058946997771,
        0.535010234332481
      ],
      "specificity": [
        0.570613937983144,
        1.0249195470082562
      ],
      "precision": [
        0.813881464075626,
        0.9903857509408593
      ],
      "recall": [
        0.0255058946997771,
        0.535010234332481
      ]
    }
  }
}